date,symbol,next_date,next_return,next_up,close_price
2020-03-02 00:00:00-05:00,TSLA,2020-03-03 00:00:00-05:00,0.0025416095259802596,True,49.574668884277344
2020-03-18 00:00:00-04:00,TSLA,2020-03-19 00:00:00-04:00,0.1838768421567878,True,24.08133316040039
2020-03-19 00:00:00-04:00,TSLA,2020-03-20 00:00:00-04:00,-0.0002571736151377735,False,28.50933265686035
2021-03-09 00:00:00-05:00,TSLA,2021-03-10 00:00:00-05:00,-0.00819506910832657,False,224.52667236328125
2022-08-23 00:00:00-04:00,TSLA,2022-08-24 00:00:00-04:00,0.002170125887066332,True,296.4533386230469
2022-09-01 00:00:00-04:00,TSLA,2022-09-02 00:00:00-04:00,-0.02507581222110289,False,277.1600036621094
2022-10-12 00:00:00-04:00,TSLA,2022-10-13 00:00:00-04:00,0.020622332969329804,True,217.24000549316406
2022-12-23 00:00:00-05:00,TSLA,2022-12-27 00:00:00-05:00,-0.1140885333144338,False,123.1500015258789
2022-12-27 00:00:00-05:00,TSLA,2022-12-28 00:00:00-05:00,0.03308891531476843,True,109.0999984741211
2022-12-28 00:00:00-05:00,TSLA,2022-12-29 00:00:00-05:00,0.0808269069678893,True,112.70999908447266
2022-01-25 00:00:00-05:00,NVDA,2022-01-26 00:00:00-05:00,0.020068007935229337,True,22.280841827392578
2022-01-26 00:00:00-05:00,NVDA,2022-01-27 00:00:00-05:00,-0.0363605953808005,False,22.72797393798828
2022-04-12 00:00:00-04:00,NVDA,2022-04-13 00:00:00-04:00,0.03250566355866957,True,21.466079711914062
2022-04-13 00:00:00-04:00,NVDA,2022-04-14 00:00:00-04:00,-0.042561771529675774,False,22.163848876953125
2022-07-05 00:00:00-04:00,NVDA,2022-07-06 00:00:00-04:00,0.011093456350553144,True,14.940770149230957
2022-09-02 00:00:00-04:00,NVDA,2022-09-06 00:00:00-04:00,-0.013336362511429445,False,13.625816345214844
2022-09-06 00:00:00-04:00,NVDA,2022-09-07 00:00:00-04:00,0.018795135870648627,True,13.444097518920898
2022-09-07 00:00:00-04:00,NVDA,2022-09-08 00:00:00-04:00,0.020125446696016125,True,13.696781158447266
2022-10-13 00:00:00-04:00,NVDA,2022-10-14 00:00:00-04:00,-0.06128784602973969,False,11.944984436035156
2022-12-21 00:00:00-05:00,NVDA,2022-12-22 00:00:00-05:00,-0.07041999050288428,False,16.4844970703125
2020-10-20 00:00:00-04:00,QQQ,2020-10-21 00:00:00-04:00,-0.000773628484859068,False,275.5001525878906
2021-02-23 00:00:00-05:00,QQQ,2021-02-24 00:00:00-05:00,0.008243290593968,True,311.97320556640625
2021-02-24 00:00:00-05:00,QQQ,2021-02-25 00:00:00-05:00,-0.034862593961564214,False,314.5448913574219
2021-09-15 00:00:00-04:00,QQQ,2021-09-16 00:00:00-04:00,0.0006878408345105669,True,367.7597961425781
2022-02-24 00:00:00-05:00,QQQ,2022-02-25 00:00:00-05:00,0.015507013254407509,True,332.012939453125
2022-09-27 00:00:00-04:00,QQQ,2022-09-28 00:00:00-04:00,0.01989194407069217,True,268.9748840332031
2022-10-12 00:00:00-04:00,QQQ,2022-10-13 00:00:00-04:00,0.023452559561538466,True,257.39190673828125
2022-10-13 00:00:00-04:00,QQQ,2022-10-14 00:00:00-04:00,-0.03005749985345263,False,263.42840576171875
2022-12-21 00:00:00-05:00,QQQ,2022-12-22 00:00:00-05:00,-0.02446511566608145,False,268.6070556640625
2020-05-29 00:00:00-04:00,AMZN,2020-06-01 00:00:00-04:00,0.011738616181262485,True,122.11849975585938
2020-07-20 00:00:00-04:00,AMZN,2020-07-21 00:00:00-04:00,-0.018314900474015072,False,159.8419952392578
2021-10-04 00:00:00-04:00,AMZN,2021-10-05 00:00:00-04:00,0.00978753803838428,True,159.48899841308594
2021-10-05 00:00:00-04:00,AMZN,2021-10-06 00:00:00-04:00,0.012732016728672857,True,161.0500030517578
2021-12-15 00:00:00-05:00,AMZN,2021-12-16 00:00:00-05:00,-0.025641174633125208,False,173.31500244140625
2022-01-11 00:00:00-05:00,AMZN,2022-01-12 00:00:00-05:00,-0.0009373300985386912,False,165.36199951171875
2022-04-12 00:00:00-04:00,AMZN,2022-04-13 00:00:00-04:00,0.03152445706895657,True,150.78750610351562
2022-04-13 00:00:00-04:00,AMZN,2022-04-14 00:00:00-04:00,-0.024652684274885983,False,155.54100036621094
2022-06-14 00:00:00-04:00,AMZN,2022-06-15 00:00:00-04:00,0.052389802934770247,True,102.30999755859375
2022-06-15 00:00:00-04:00,AMZN,2022-06-16 00:00:00-04:00,-0.037243378610853584,False,107.66999816894531
2022-10-12 00:00:00-04:00,AMZN,2022-10-13 00:00:00-04:00,-0.00327726077574253,False,112.9000015258789
2022-11-02 00:00:00-04:00,AMZN,2022-11-03 00:00:00-04:00,-0.030612240672440172,False,92.12000274658203
2022-11-03 00:00:00-04:00,AMZN,2022-11-04 00:00:00-04:00,0.01881299269611514,True,89.30000305175781
2022-11-04 00:00:00-04:00,AMZN,2022-11-07 00:00:00-05:00,-0.00494619214148917,False,90.9800033569336
2020-01-28 00:00:00-05:00,META,2020-01-29 00:00:00-05:00,0.0249781361409378,True,216.27923583984375
2020-02-26 00:00:00-05:00,META,2020-02-27 00:00:00-05:00,-0.03777903017527362,False,195.8320770263672
2021-04-15 00:00:00-04:00,META,2021-04-16 00:00:00-04:00,-0.005327814803252617,False,305.6847229003906
2021-07-20 00:00:00-04:00,META,2021-07-21 00:00:00-04:00,0.013375873920981052,True,339.2899475097656
2022-02-24 00:00:00-05:00,META,2022-02-25 00:00:00-05:00,0.013872728065353446,True,206.15992736816406
2022-04-12 00:00:00-04:00,META,2022-04-13 00:00:00-04:00,0.00396935305551005,True,212.654541015625
2022-04-13 00:00:00-04:00,META,2022-04-14 00:00:00-04:00,-0.02237317203368505,False,213.49864196777344
2022-08-23 00:00:00-04:00,META,2022-08-24 00:00:00-04:00,0.013344921662424847,True,159.99240112304688
2022-08-24 00:00:00-04:00,META,2022-08-25 00:00:00-04:00,0.03381116962929687,True,162.1274871826172
2022-09-19 00:00:00-04:00,META,2022-09-20 00:00:00-04:00,-0.013038978041588267,False,146.9932098388672
2020-01-27 00:00:00-05:00,IWM,2020-01-28 00:00:00-05:00,0.008317677946764857,True,151.60133361816406
2020-01-28 00:00:00-05:00,IWM,2020-01-29 00:00:00-05:00,-0.005701745980029482,False,152.8623046875
2020-02-28 00:00:00-05:00,IWM,2020-03-02 00:00:00-05:00,0.032118872996823145,True,135.67259216308594
2020-03-02 00:00:00-05:00,IWM,2020-03-03 00:00:00-05:00,-0.02039288998108535,False,140.03024291992188
2021-02-01 00:00:00-05:00,IWM,2021-02-02 00:00:00-05:00,0.014244224277000894,True,198.0547637939453
2021-06-21 00:00:00-04:00,IWM,2021-06-22 00:00:00-04:00,0.004539848929725254,True,214.07717895507812
2021-07-20 00:00:00-04:00,IWM,2021-07-21 00:00:00-04:00,0.017224067929399123,True,205.9813232421875
2021-08-19 00:00:00-04:00,IWM,2021-08-20 00:00:00-04:00,0.016891317310784748,True,199.98023986816406
2021-08-20 00:00:00-04:00,IWM,2021-08-23 00:00:00-04:00,0.019023910428541235,True,203.35816955566406
2021-09-13 00:00:00-04:00,IWM,2021-09-14 00:00:00-04:00,-0.012742402289759314,False,210.30287170410156
2021-11-24 00:00:00-05:00,IWM,2021-11-26 00:00:00-05:00,-0.0376975202145563,False,219.17393493652344
2022-04-12 00:00:00-04:00,IWM,2022-04-13 00:00:00-04:00,0.019020132813838186,True,187.53257751464844
2022-06-15 00:00:00-04:00,IWM,2022-06-16 00:00:00-04:00,-0.046316687534778245,False,163.8987579345703
2022-07-15 00:00:00-04:00,IWM,2022-07-18 00:00:00-04:00,-0.002830799550200158,False,165.07179260253906
2022-09-02 00:00:00-04:00,IWM,2022-09-06 00:00:00-04:00,-0.00988401731895261,False,171.74752807617188
2022-09-06 00:00:00-04:00,IWM,2022-09-07 00:00:00-04:00,0.02175999684146146,True,170.0499725341797
2022-09-07 00:00:00-04:00,IWM,2022-09-08 00:00:00-04:00,0.008343010391680838,True,173.75025939941406
2022-09-27 00:00:00-04:00,IWM,2022-09-28 00:00:00-04:00,0.03162741017091375,True,157.91172790527344
2022-04-12 00:00:00-04:00,GOOGL,2022-04-13 00:00:00-04:00,0.01706533820160061,True,126.75675964355469
2022-04-13 00:00:00-04:00,GOOGL,2022-04-14 00:00:00-04:00,-0.024358214890823016,False,128.91990661621094
2022-07-05 00:00:00-04:00,GOOGL,2022-07-06 00:00:00-04:00,0.011557198587240025,True,112.41363525390625
2022-10-12 00:00:00-04:00,GOOGL,2022-10-13 00:00:00-04:00,0.01537510325815128,True,96.82839965820312
2022-12-09 00:00:00-05:00,GOOGL,2022-12-12 00:00:00-05:00,0.005170596306610431,True,92.13386535644531
2022-12-12 00:00:00-05:00,GOOGL,2022-12-13 00:00:00-05:00,0.02486338840580693,True,92.6102523803711
2020-02-27 00:00:00-05:00,AMD,2020-02-28 00:00:00-05:00,0.03340152866999513,True,44.0099983215332
2020-02-28 00:00:00-05:00,AMD,2020-03-02 00:00:00-05:00,0.04353561042579912,True,45.47999954223633
2020-12-23 00:00:00-05:00,AMD,2020-12-24 00:00:00-05:00,0.002839918057555346,True,91.55000305175781
2020-12-24 00:00:00-05:00,AMD,2020-12-28 00:00:00-05:00,-0.002287322623428123,False,91.80999755859375
2021-05-04 00:00:00-04:00,AMD,2021-05-05 00:00:00-04:00,-0.009922386124420979,False,78.61000061035156
2021-07-19 00:00:00-04:00,AMD,2021-07-20 00:00:00-04:00,0.0061214918929093365,True,86.58000183105469
2021-09-14 00:00:00-04:00,AMD,2021-09-15 00:00:00-04:00,-0.0012295931020981365,False,105.7300033569336
2022-01-25 00:00:00-05:00,AMD,2022-01-26 00:00:00-05:00,-0.0037793411259388066,False,111.12999725341797
2022-01-26 00:00:00-05:00,AMD,2022-01-27 00:00:00-05:00,-0.07325445467815028,False,110.70999908447266
2022-01-27 00:00:00-05:00,AMD,2022-01-28 00:00:00-05:00,0.025730988585875414,True,102.5999984741211
2022-01-28 00:00:00-05:00,AMD,2022-01-31 00:00:00-05:00,0.08561385708021096,True,105.23999786376953
2022-06-10 00:00:00-04:00,AMD,2022-06-13 00:00:00-04:00,-0.08257753486875508,False,94.81999969482422
2022-06-13 00:00:00-04:00,AMD,2022-06-14 00:00:00-04:00,0.0,True,86.98999786376953
2022-06-14 00:00:00-04:00,AMD,2022-06-15 00:00:00-04:00,0.02655483670209824,True,86.98999786376953
2022-07-05 00:00:00-04:00,AMD,2022-07-06 00:00:00-04:00,0.0019947012229555305,True,75.19999694824219
2022-09-02 00:00:00-04:00,AMD,2022-09-06 00:00:00-04:00,-0.01894312915669616,False,80.23999786376953
2022-09-06 00:00:00-04:00,AMD,2022-09-07 00:00:00-04:00,0.011305886380174046,True,78.72000122070312
2022-09-07 00:00:00-04:00,AMD,2022-09-08 00:00:00-04:00,0.03981909489563695,True,79.61000061035156
2022-09-27 00:00:00-04:00,AMD,2022-09-28 00:00:00-04:00,0.017716279199727847,True,67.16999816894531
2022-12-08 00:00:00-05:00,AMD,2022-12-09 00:00:00-05:00,-0.026678087842294196,False,70.47000122070312
2021-11-29 00:00:00-05:00,GOOG,2021-11-30 00:00:00-05:00,-0.02506269962374441,False,145.0262908935547
2022-04-12 00:00:00-04:00,GOOG,2022-04-13 00:00:00-04:00,0.014890029908914082,True,127.41883087158203
2022-04-13 00:00:00-04:00,GOOG,2022-04-14 00:00:00-04:00,-0.023279617598402802,False,129.31610107421875
2022-07-05 00:00:00-04:00,GOOG,2022-07-06 00:00:00-04:00,0.011647531062636274,True,113.03919219970703
2022-12-08 00:00:00-05:00,GOOG,2022-12-09 00:00:00-05:00,-0.009366708711926797,False,93.25060272216797
2022-12-09 00:00:00-05:00,GOOG,2022-12-12 00:00:00-05:00,0.005264758394781355,True,92.37715148925781
2022-12-12 00:00:00-05:00,GOOG,2022-12-13 00:00:00-05:00,0.02447640464798817,True,92.86349487304688
2020-02-21 00:00:00-05:00,BA,2020-02-24 00:00:00-05:00,-0.037774716392884766,False,330.3800048828125
2020-02-24 00:00:00-05:00,BA,2020-02-25 00:00:00-05:00,-0.043283987141338076,False,317.8999938964844
2020-02-25 00:00:00-05:00,BA,2020-02-26 00:00:00-05:00,0.004767480829936721,True,304.1400146484375
2020-02-26 00:00:00-05:00,BA,2020-02-27 00:00:00-05:00,-0.05834610682920072,False,305.5899963378906
2020-03-23 00:00:00-04:00,BA,2020-03-24 00:00:00-04:00,0.20886192941618376,True,105.62000274658203
2020-04-03 00:00:00-04:00,BA,2020-04-06 00:00:00-04:00,0.1947478981942683,True,124.5199966430664
2020-12-23 00:00:00-05:00,BA,2020-12-24 00:00:00-05:00,-0.011561784863648117,False,219.69000244140625
2021-01-28 00:00:00-05:00,BA,2021-01-29 00:00:00-05:00,-0.015413442944715028,False,197.22999572753906
2021-03-25 00:00:00-04:00,BA,2021-03-26 00:00:00-04:00,-0.009385522477870722,False,247.19000244140625
2021-04-21 00:00:00-04:00,BA,2021-04-22 00:00:00-04:00,-0.006739557266154272,False,235.9199981689453
2021-07-19 00:00:00-04:00,BA,2021-07-20 00:00:00-04:00,0.04908443950766439,True,206.99000549316406
2021-07-20 00:00:00-04:00,BA,2021-07-21 00:00:00-04:00,0.024821549809565635,True,217.14999389648438
2021-08-19 00:00:00-04:00,BA,2021-08-20 00:00:00-04:00,0.002403820220743258,True,212.16000366210938
2021-08-20 00:00:00-04:00,BA,2021-08-23 00:00:00-04:00,0.03164525220051373,True,212.6699981689453
2021-10-19 00:00:00-04:00,BA,2021-10-20 00:00:00-04:00,0.0009260404089075358,True,215.97000122070312
2021-10-20 00:00:00-04:00,BA,2021-10-21 00:00:00-04:00,-0.00846556805549159,False,216.1699981689453
2021-10-28 00:00:00-04:00,BA,2021-10-29 00:00:00-04:00,-0.003945187876541856,False,207.85000610351562
2021-12-16 00:00:00-05:00,BA,2021-12-17 00:00:00-05:00,0.00964417244839555,True,190.7899932861328
2021-12-17 00:00:00-05:00,BA,2021-12-20 00:00:00-05:00,-0.021543939417943303,False,192.6300048828125
2022-01-25 00:00:00-05:00,BA,2022-01-26 00:00:00-05:00,-0.0481626728911958,False,204.10000610351562
2022-01-26 00:00:00-05:00,BA,2022-01-27 00:00:00-05:00,-0.023266609219412482,False,194.27000427246094
2022-01-27 00:00:00-05:00,BA,2022-01-28 00:00:00-05:00,0.004321514225131828,True,189.75
2022-01-28 00:00:00-05:00,BA,2022-01-31 00:00:00-05:00,0.05074249775566009,True,190.57000732421875
2022-04-12 00:00:00-04:00,BA,2022-04-13 00:00:00-04:00,0.03738368722217489,True,176.27999877929688
2022-04-27 00:00:00-04:00,BA,2022-04-28 00:00:00-04:00,-0.0015538358327840118,False,154.4600067138672
2022-04-28 00:00:00-04:00,BA,2022-04-29 00:00:00-04:00,-0.03488526027900374,False,154.22000122070312
2022-04-29 00:00:00-04:00,BA,2022-05-02 00:00:00-04:00,-0.0015452548588951176,False,148.83999633789062
2022-05-02 00:00:00-04:00,BA,2022-05-03 00:00:00-04:00,0.03344324877391158,True,148.61000061035156
2022-05-03 00:00:00-04:00,BA,2022-05-04 00:00:00-04:00,0.0220731823755127,True,153.5800018310547
2022-05-12 00:00:00-04:00,BA,2022-05-13 00:00:00-04:00,0.03297058290334087,True,123.13999938964844
2022-05-13 00:00:00-04:00,BA,2022-05-16 00:00:00-04:00,-0.02476410355391845,False,127.19999694824219
2020-02-27 00:00:00-05:00,UNH,2020-02-28 00:00:00-05:00,0.004095638228784226,True,230.2581787109375
2020-02-28 00:00:00-05:00,UNH,2020-03-02 00:00:00-05:00,0.07118774519858895,True,231.20123291015625
2021-01-15 00:00:00-05:00,UNH,2021-01-19 00:00:00-05:00,0.0025334362503521834,True,323.80645751953125
2021-09-13 00:00:00-04:00,UNH,2021-09-14 00:00:00-04:00,-0.004776638588858018,False,386.1912536621094
2021-09-27 00:00:00-04:00,UNH,2021-09-28 00:00:00-04:00,-0.016408799477866887,False,377.5733947753906
2021-09-28 00:00:00-04:00,UNH,2021-09-29 00:00:00-04:00,0.00449064080050543,True,371.37786865234375
2021-09-29 00:00:00-04:00,UNH,2021-09-30 00:00:00-04:00,-0.024150279312150746,False,373.04559326171875
2022-02-25 00:00:00-05:00,UNH,2022-02-28 00:00:00-05:00,0.0002522072249855345,True,444.6823425292969
2022-06-15 00:00:00-04:00,UNH,2022-06-16 00:00:00-04:00,-0.01424311553070201,False,435.2924499511719
2020-02-28 00:00:00-05:00,CRM,2020-03-02 00:00:00-05:00,0.03732409461379338,True,168.3544158935547
2020-03-02 00:00:00-05:00,CRM,2020-03-03 00:00:00-05:00,-0.04180808839989092,False,174.63809204101562
2020-12-31 00:00:00-05:00,CRM,2021-01-04 00:00:00-05:00,-0.00997629342024775,False,219.85867309570312
2021-02-24 00:00:00-05:00,CRM,2021-02-25 00:00:00-05:00,-0.03904848339388578,False,237.5832977294922
2021-05-06 00:00:00-04:00,CRM,2021-05-07 00:00:00-04:00,-0.007108504742792454,False,215.4324493408203
2021-09-14 00:00:00-04:00,CRM,2021-09-15 00:00:00-04:00,0.0070369802568566175,True,251.3164520263672
2021-11-26 00:00:00-05:00,CRM,2021-11-29 00:00:00-05:00,0.04408687261016153,True,280.7982482910156
2021-11-29 00:00:00-05:00,CRM,2021-11-30 00:00:00-05:00,-0.03969771982467929,False,293.1777648925781
2022-02-24 00:00:00-05:00,CRM,2022-02-25 00:00:00-05:00,0.018601065996030064,True,201.8376007080078
2022-04-12 00:00:00-04:00,CRM,2022-04-13 00:00:00-04:00,0.004671150853096773,True,192.471435546875
2022-04-13 00:00:00-04:00,CRM,2022-04-14 00:00:00-04:00,-0.03224001712654001,False,193.37049865722656
2022-07-15 00:00:00-04:00,CRM,2022-07-18 00:00:00-04:00,0.0030468546284674325,True,165.37069702148438
2022-08-23 00:00:00-04:00,CRM,2022-08-24 00:00:00-04:00,0.022784037695049886,True,173.88722229003906
2022-08-24 00:00:00-04:00,CRM,2022-08-25 00:00:00-04:00,-0.0338868709127188,False,177.8490753173828
2022-09-01 00:00:00-04:00,CRM,2022-09-02 00:00:00-04:00,0.0010420524862895242,True,151.68698120117188
2022-09-02 00:00:00-04:00,CRM,2022-09-06 00:00:00-04:00,-0.012817901389333697,False,151.8450469970703
2022-10-13 00:00:00-04:00,CRM,2022-10-14 00:00:00-04:00,-0.02213964225850007,False,143.69407653808594
2022-11-07 00:00:00-05:00,CRM,2022-11-08 00:00:00-05:00,0.017359570472345043,True,142.85427856445312
2022-12-08 00:00:00-05:00,CRM,2022-12-09 00:00:00-05:00,0.007531015071168712,True,128.56785583496094
2022-12-09 00:00:00-05:00,CRM,2022-12-12 00:00:00-05:00,0.015254418573640738,True,129.53610229492188
2020-02-27 00:00:00-05:00,V,2020-02-28 00:00:00-05:00,0.009721657653635196,True,172.7873077392578
2020-02-28 00:00:00-05:00,V,2020-03-02 00:00:00-05:00,0.058153600594724075,True,174.4670867919922
2022-03-07 00:00:00-05:00,V,2022-03-08 00:00:00-05:00,0.0052963801894041485,True,185.33949279785156
2022-03-08 00:00:00-05:00,V,2022-03-09 00:00:00-05:00,0.04199057207093326,True,186.3211212158203
2022-09-20 00:00:00-04:00,V,2022-09-21 00:00:00-04:00,-0.02629250362435187,False,187.3588104248047
2022-09-21 00:00:00-04:00,V,2022-09-22 00:00:00-04:00,-0.006577083062198175,False,182.43267822265625
2022-09-22 00:00:00-04:00,V,2022-09-23 00:00:00-04:00,-0.009849651515124735,False,181.23280334472656
2022-09-23 00:00:00-04:00,V,2022-09-26 00:00:00-04:00,-0.01831919733924836,False,179.44772338867188
2022-09-26 00:00:00-04:00,V,2022-09-27 00:00:00-04:00,-0.015061957945393334,False,176.16038513183594
2022-09-27 00:00:00-04:00,V,2022-09-28 00:00:00-04:00,0.007365078002655734,True,173.50706481933594
2022-09-28 00:00:00-04:00,V,2022-09-29 00:00:00-04:00,0.0049112561325226345,True,174.7849578857422
2022-10-13 00:00:00-04:00,V,2022-10-14 00:00:00-04:00,-0.011047151579571923,False,180.13052368164062
2020-08-20 00:00:00-04:00,MU,2020-08-21 00:00:00-04:00,-0.007676465115500797,False,41.945213317871094
2020-08-21 00:00:00-04:00,MU,2020-08-24 00:00:00-04:00,0.02578552209924445,True,41.62322235107422
2020-08-24 00:00:00-04:00,MU,2020-08-25 00:00:00-04:00,0.030621397238951298,True,42.69649887084961
2022-04-12 00:00:00-04:00,MU,2022-04-13 00:00:00-04:00,0.005836646005292767,True,70.48043060302734
2022-04-13 00:00:00-04:00,MU,2022-04-14 00:00:00-04:00,-0.031086006889849527,False,70.89179992675781
2022-06-15 00:00:00-04:00,MU,2022-06-16 00:00:00-04:00,-0.0695196043612285,False,57.90443801879883
2021-05-07 00:00:00-04:00,ADBE,2021-05-10 00:00:00-04:00,-0.019131229704200003,False,488.7300109863281
2021-10-01 00:00:00-04:00,ADBE,2021-10-04 00:00:00-04:00,-0.03286747611419527,False,577.469970703125
2022-01-07 00:00:00-05:00,ADBE,2022-01-10 00:00:00-05:00,0.0296260123774561,True,510.70001220703125
2022-01-10 00:00:00-05:00,ADBE,2022-01-11 00:00:00-05:00,0.007721121705952516,True,525.8300170898438
2022-02-24 00:00:00-05:00,ADBE,2022-02-25 00:00:00-05:00,0.0037083377032953724,True,463.82000732421875
2022-06-15 00:00:00-04:00,ADBE,2022-06-16 00:00:00-04:00,-0.0314125714572564,False,376.9200134277344
2022-08-26 00:00:00-04:00,ADBE,2022-08-29 00:00:00-04:00,-0.015117262647971419,False,381.0199890136719
2022-08-29 00:00:00-04:00,ADBE,2022-08-30 00:00:00-04:00,-0.0005063221138988938,False,375.260009765625
2022-08-30 00:00:00-04:00,ADBE,2022-08-31 00:00:00-04:00,-0.004345868373856643,False,375.07000732421875
2022-08-31 00:00:00-04:00,ADBE,2022-09-01 00:00:00-04:00,-0.00779242620791798,False,373.44000244140625
2022-09-01 00:00:00-04:00,ADBE,2022-09-02 00:00:00-04:00,-0.0064501771482285974,False,370.5299987792969
2022-09-02 00:00:00-04:00,ADBE,2022-09-06 00:00:00-04:00,0.000434544298815176,True,368.1400146484375
2022-09-06 00:00:00-04:00,ADBE,2022-09-07 00:00:00-04:00,0.031007368466582363,True,368.29998779296875
2022-09-22 00:00:00-04:00,ADBE,2022-09-23 00:00:00-04:00,-0.008708980774967512,False,287.05999755859375
2022-11-07 00:00:00-05:00,ADBE,2022-11-08 00:00:00-05:00,0.008780145582516052,True,299.5400085449219
2022-12-08 00:00:00-05:00,ADBE,2022-12-09 00:00:00-05:00,-0.005833098809770343,False,332.5799865722656
2020-03-17 00:00:00-04:00,GLD,2020-03-18 00:00:00-04:00,-0.019921988429849713,False,143.55999755859375
2020-12-01 00:00:00-05:00,GLD,2020-12-02 00:00:00-05:00,0.00752153069206285,True,170.17999267578125
2021-02-19 00:00:00-05:00,GLD,2021-02-22 00:00:00-05:00,0.014969164015496528,True,167.00999450683594
2021-03-02 00:00:00-05:00,GLD,2021-03-03 00:00:00-05:00,-0.011021541189334294,False,162.41000366210938
2021-06-18 00:00:00-04:00,GLD,2021-06-21 00:00:00-04:00,0.012247646651096789,True,164.92999267578125
2021-06-21 00:00:00-04:00,GLD,2021-06-22 00:00:00-04:00,-0.0041928539145718036,False,166.9499969482422
2021-11-26 00:00:00-05:00,GLD,2021-11-29 00:00:00-05:00,-0.0013785494630753625,False,166.85000610351562
2021-11-29 00:00:00-05:00,GLD,2021-11-30 00:00:00-05:00,-0.006721853018899604,False,166.6199951171875
2021-11-30 00:00:00-05:00,GLD,2021-12-01 00:00:00-05:00,0.003987937535404162,True,165.5
2021-12-01 00:00:00-05:00,GLD,2021-12-02 00:00:00-05:00,-0.005536820827328315,False,166.16000366210938
2022-06-30 00:00:00-04:00,GLD,2022-07-01 00:00:00-04:00,-0.0008310541616338707,False,168.4600067138672
2022-07-01 00:00:00-04:00,GLD,2022-07-05 00:00:00-04:00,-0.02120964335120412,False,168.32000732421875
2022-07-05 00:00:00-04:00,GLD,2022-07-06 00:00:00-04:00,-0.015842188833696924,False,164.75
2022-07-06 00:00:00-04:00,GLD,2022-07-07 00:00:00-04:00,0.000555053276362516,True,162.13999938964844
2022-07-07 00:00:00-04:00,GLD,2022-07-08 00:00:00-04:00,0.0004315313201161963,True,162.22999572753906
2022-08-22 00:00:00-04:00,GLD,2022-08-23 00:00:00-04:00,0.0069908740848763085,True,161.63999938964844
2022-08-23 00:00:00-04:00,GLD,2022-08-24 00:00:00-04:00,0.0029489200401788818,True,162.77000427246094
2022-10-12 00:00:00-04:00,GLD,2022-10-13 00:00:00-04:00,-0.006923532232980256,False,155.99000549316406
2021-10-01 00:00:00-04:00,ASML,2021-10-04 00:00:00-04:00,-0.038918398857479275,False,711.1468505859375
2021-10-04 00:00:00-04:00,ASML,2021-10-05 00:00:00-04:00,0.027954786468089132,True,683.4701538085938
2021-10-05 00:00:00-04:00,ASML,2021-10-06 00:00:00-04:00,-0.0005047340755096608,False,702.576416015625
2021-11-29 00:00:00-05:00,ASML,2021-11-30 00:00:00-05:00,-0.02883400864668073,False,783.3428344726562
2022-04-12 00:00:00-04:00,ASML,2022-04-13 00:00:00-04:00,0.03158213881225458,True,570.9202880859375
2022-04-13 00:00:00-04:00,ASML,2022-04-14 00:00:00-04:00,-0.02429970601207787,False,588.951171875
2022-04-28 00:00:00-04:00,ASML,2022-04-29 00:00:00-04:00,-0.04533108775684802,False,567.594482421875
2022-06-15 00:00:00-04:00,ASML,2022-06-16 00:00:00-04:00,-0.07357560807119279,False,489.0333557128906
2022-07-05 00:00:00-04:00,ASML,2022-07-06 00:00:00-04:00,-0.008140784685120583,False,418.45538330078125
2022-07-06 00:00:00-04:00,ASML,2022-07-07 00:00:00-04:00,0.053674766476082825,True,415.048828125
2022-07-07 00:00:00-04:00,ASML,2022-07-08 00:00:00-04:00,0.0023236755314641755,True,437.32647705078125
2022-09-02 00:00:00-04:00,ASML,2022-09-06 00:00:00-04:00,0.0058434333711294695,True,453.2070007324219
2022-09-06 00:00:00-04:00,ASML,2022-09-07 00:00:00-04:00,0.014385304709647606,True,455.85528564453125
2022-09-27 00:00:00-04:00,ASML,2022-09-28 00:00:00-04:00,0.018325072421983224,True,420.3215637207031
2022-10-13 00:00:00-04:00,ASML,2022-10-14 00:00:00-04:00,-0.06480011099943572,False,393.266357421875
2022-12-21 00:00:00-05:00,ASML,2022-12-22 00:00:00-05:00,-0.04304957971651702,False,565.26904296875
2020-03-02 00:00:00-05:00,WMT,2020-03-03 00:00:00-05:00,-0.025629995128525596,False,35.49648666381836
2020-06-08 00:00:00-04:00,WMT,2020-06-09 00:00:00-04:00,0.0009071754831702084,True,37.46678924560547
2020-06-09 00:00:00-04:00,WMT,2020-06-10 00:00:00-04:00,-0.0015658244396783427,False,37.50077819824219
2020-12-08 00:00:00-05:00,WMT,2020-12-09 00:00:00-05:00,-0.007895602506817756,False,46.374385833740234
2020-12-16 00:00:00-05:00,WMT,2020-12-17 00:00:00-05:00,0.004607003227740547,True,45.29194259643555
2020-12-17 00:00:00-05:00,WMT,2020-12-18 00:00:00-05:00,-0.0010266010826889271,False,45.50060272216797
2021-03-01 00:00:00-05:00,WMT,2021-03-02 00:00:00-05:00,-0.009591482293799247,False,40.91316604614258
2021-10-04 00:00:00-04:00,WMT,2021-10-05 00:00:00-04:00,0.0065575197513130234,True,42.771018981933594
2021-10-05 00:00:00-04:00,WMT,2021-10-06 00:00:00-04:00,0.007319446130453766,True,43.051490783691406
2021-12-03 00:00:00-05:00,WMT,2021-12-06 00:00:00-05:00,0.010835615549571465,True,43.33193588256836
2022-06-10 00:00:00-04:00,WMT,2022-06-13 00:00:00-04:00,-0.018816667171441592,False,38.79374694824219
2020-11-16 00:00:00-05:00,BABA,2020-11-17 00:00:00-05:00,-0.005845738365172437,False,245.3157196044922
2020-11-17 00:00:00-05:00,BABA,2020-11-18 00:00:00-05:00,-0.0037772564887419424,False,243.8816680908203
2020-11-18 00:00:00-05:00,BABA,2020-11-19 00:00:00-05:00,0.015870090023291983,True,242.96046447753906
2020-11-19 00:00:00-05:00,BABA,2020-11-20 00:00:00-05:00,0.04174827489060351,True,246.81626892089844
2021-02-25 00:00:00-05:00,BABA,2021-02-26 00:00:00-05:00,-0.010075850510288142,False,228.09774780273438
2021-02-26 00:00:00-05:00,BABA,2021-03-01 00:00:00-05:00,0.01652940256632074,True,225.79946899414062
2021-03-01 00:00:00-05:00,BABA,2021-03-02 00:00:00-05:00,-0.03007991439775426,False,229.53179931640625
2021-04-20 00:00:00-04:00,BABA,2021-04-21 00:00:00-04:00,-0.001914094173069869,False,218.31590270996094
2021-04-21 00:00:00-04:00,BABA,2021-04-22 00:00:00-04:00,-0.0003922223587752294,False,217.8980255126953
2021-04-22 00:00:00-04:00,BABA,2021-04-23 00:00:00-04:00,0.011903130631520487,True,217.81256103515625
2021-04-23 00:00:00-04:00,BABA,2021-04-26 00:00:00-04:00,0.0026715403175581187,True,220.40521240234375
2021-05-06 00:00:00-04:00,BABA,2021-05-07 00:00:00-04:00,-0.0049024272500189925,False,215.0299530029297
2021-05-07 00:00:00-04:00,BABA,2021-05-10 00:00:00-04:00,-0.025653569031763745,False,213.9757843017578
2021-05-10 00:00:00-04:00,BABA,2021-05-11 00:00:00-04:00,0.008427127882176144,True,208.48654174804688
2021-05-11 00:00:00-04:00,BABA,2021-05-12 00:00:00-04:00,-0.006685407435357504,False,210.2434844970703
2021-06-14 00:00:00-04:00,BABA,2021-06-15 00:00:00-04:00,-0.01813591527500713,False,203.17774963378906
2021-07-08 00:00:00-04:00,BABA,2021-07-09 00:00:00-04:00,0.030472869452901286,True,189.7965545654297
2021-07-09 00:00:00-04:00,BABA,2021-07-12 00:00:00-04:00,-0.002233657243540521,False,195.5802001953125
2021-08-18 00:00:00-04:00,BABA,2021-08-19 00:00:00-04:00,-0.0684652679686113,False,163.679931640625
2021-08-19 00:00:00-04:00,BABA,2021-08-20 00:00:00-04:00,-0.016132089387787207,False,152.47354125976562
2021-08-20 00:00:00-04:00,BABA,2021-08-23 00:00:00-04:00,0.01962526647019236,True,150.01382446289062
2021-08-23 00:00:00-04:00,BABA,2021-08-24 00:00:00-04:00,0.06606221234749987,True,152.9578857421875
2021-11-24 00:00:00-05:00,BABA,2021-11-26 00:00:00-05:00,-0.02322006219210826,False,129.65237426757812
2021-12-03 00:00:00-05:00,BABA,2021-12-06 00:00:00-05:00,0.10396571503359064,True,106.32785034179688
2021-12-06 00:00:00-05:00,BABA,2021-12-07 00:00:00-05:00,0.01569578382497383,True,117.3823013305664
2022-01-28 00:00:00-05:00,BABA,2022-01-31 00:00:00-05:00,0.09164271297751969,True,109.43336486816406
2022-02-24 00:00:00-05:00,BABA,2022-02-25 00:00:00-05:00,-0.009088431782002693,False,103.45027923583984
2022-02-25 00:00:00-05:00,BABA,2022-02-28 00:00:00-05:00,-0.025477067513354434,False,102.51007843017578
2022-02-28 00:00:00-05:00,BABA,2022-03-01 00:00:00-05:00,0.018062552247667396,True,99.89842224121094
2022-03-01 00:00:00-05:00,BABA,2022-03-02 00:00:00-05:00,-0.015594436623970975,False,101.70284271240234
2022-03-09 00:00:00-05:00,BABA,2022-03-10 00:00:00-05:00,-0.07936199537585065,False,95.85272216796875
2022-04-12 00:00:00-04:00,BABA,2022-04-13 00:00:00-04:00,0.0028070210479063107,True,94.73207092285156
2022-04-13 00:00:00-04:00,BABA,2022-04-14 00:00:00-04:00,-0.04538638321767463,False,94.99798583984375
2022-04-22 00:00:00-04:00,BABA,2022-04-25 00:00:00-04:00,-0.0075153218809453914,False,82.13912200927734
2022-05-12 00:00:00-04:00,BABA,2022-05-13 00:00:00-04:00,0.08509063097665881,True,77.0107650756836
2022-05-13 00:00:00-04:00,BABA,2022-05-16 00:00:00-04:00,-0.017161003486213966,False,83.56365966796875
2022-07-15 00:00:00-04:00,BABA,2022-07-18 00:00:00-04:00,0.00683319779446756,True,97.28675842285156
2022-07-18 00:00:00-04:00,BABA,2022-07-19 00:00:00-04:00,0.015609908912924464,True,97.9515380859375
2021-02-22 00:00:00-05:00,NOW,2021-02-23 00:00:00-05:00,0.002707779192631321,True,110.052001953125
2021-02-23 00:00:00-05:00,NOW,2021-02-24 00:00:00-05:00,0.00014498269644991346,True,110.3499984741211
2021-03-09 00:00:00-05:00,NOW,2021-03-10 00:00:00-05:00,-0.03057570135777321,False,97.79000091552734
2021-06-04 00:00:00-04:00,NOW,2021-06-07 00:00:00-04:00,-0.0025832950124560217,False,92.12999725341797
2021-09-14 00:00:00-04:00,NOW,2021-09-15 00:00:00-04:00,0.010427264771859956,True,129.08399963378906
2022-01-06 00:00:00-05:00,NOW,2022-01-07 00:00:00-05:00,-0.013326586972958854,False,114.80799865722656
2022-02-24 00:00:00-05:00,NOW,2022-02-25 00:00:00-05:00,0.010941690862306341,True,114.79000091552734
2022-07-15 00:00:00-04:00,NOW,2022-07-18 00:00:00-04:00,-0.020384750073054736,False,87.1240005493164
2022-09-22 00:00:00-04:00,NOW,2022-09-23 00:00:00-04:00,-0.025660905665570444,False,77.39399719238281
2022-09-23 00:00:00-04:00,NOW,2022-09-26 00:00:00-04:00,-0.018406542291046324,False,75.40799713134766
2022-09-26 00:00:00-04:00,NOW,2022-09-27 00:00:00-04:00,0.023912514897779902,True,74.0199966430664
2022-09-27 00:00:00-04:00,NOW,2022-09-28 00:00:00-04:00,0.026124761889710024,True,75.79000091552734
2022-10-13 00:00:00-04:00,NOW,2022-10-14 00:00:00-04:00,-0.055650732671718606,False,72.37999725341797
2022-10-14 00:00:00-04:00,NOW,2022-10-17 00:00:00-04:00,0.0200433461959566,True,68.35199737548828
2022-10-17 00:00:00-04:00,NOW,2022-10-18 00:00:00-04:00,0.023464639339802806,True,69.72200012207031
2020-02-27 00:00:00-05:00,MA,2020-02-28 00:00:00-05:00,0.015499133778194896,True,276.7193298339844
2020-02-28 00:00:00-05:00,MA,2020-03-02 00:00:00-05:00,0.05681326765477013,True,281.00823974609375
2020-12-14 00:00:00-05:00,MA,2020-12-15 00:00:00-05:00,0.007549452597613415,True,321.90496826171875
2021-05-06 00:00:00-04:00,MA,2021-05-07 00:00:00-04:00,-0.00021310114122130575,False,365.8939208984375
2021-06-02 00:00:00-04:00,MA,2021-06-03 00:00:00-04:00,-0.013711404874354183,False,357.4842529296875
2022-03-04 00:00:00-05:00,MA,2022-03-07 00:00:00-05:00,-0.05393641969963403,False,323.52703857421875
2022-03-07 00:00:00-05:00,MA,2022-03-08 00:00:00-05:00,0.0045059911046732015,True,306.0771484375
2022-03-08 00:00:00-05:00,MA,2022-03-09 00:00:00-05:00,0.04390281862668455,True,307.4563293457031
2022-09-22 00:00:00-04:00,MA,2022-09-23 00:00:00-04:00,-0.016021050965511874,False,292.6885681152344
2022-09-23 00:00:00-04:00,MA,2022-09-26 00:00:00-04:00,-0.011819758563059835,False,287.9993896484375
2022-09-26 00:00:00-04:00,MA,2022-09-27 00:00:00-04:00,-0.012512306153618313,False,284.5953063964844
2022-09-27 00:00:00-04:00,MA,2022-09-28 00:00:00-04:00,0.012915175632706166,True,281.03436279296875
2022-09-28 00:00:00-04:00,MA,2022-09-29 00:00:00-04:00,-0.011751344278098208,False,284.6639709472656
2022-10-13 00:00:00-04:00,MA,2022-10-14 00:00:00-04:00,-0.017927602610267712,False,288.8373718261719
2020-08-12 00:00:00-04:00,ORCL,2020-08-13 00:00:00-04:00,-0.002769276764849171,False,50.32307434082031
2020-08-13 00:00:00-04:00,ORCL,2020-08-14 00:00:00-04:00,0.003332177910752687,True,50.1837158203125
2020-08-14 00:00:00-04:00,ORCL,2020-08-17 00:00:00-04:00,-0.0038745541773907988,False,50.35093688964844
2020-10-20 00:00:00-04:00,ORCL,2020-10-21 00:00:00-04:00,-0.0013389056156073442,False,55.7315559387207
2021-12-23 00:00:00-05:00,ORCL,2021-12-27 00:00:00-05:00,-0.0020063028039396524,False,84.97543334960938
2021-12-27 00:00:00-05:00,ORCL,2021-12-28 00:00:00-05:00,-0.009939675521346003,False,84.80494689941406
2021-12-28 00:00:00-05:00,ORCL,2021-12-29 00:00:00-05:00,-0.004963349162099728,False,83.9620132446289
2021-12-29 00:00:00-05:00,ORCL,2021-12-30 00:00:00-05:00,-0.0022671220636015788,False,83.54528045654297
2021-12-30 00:00:00-05:00,ORCL,2021-12-31 00:00:00-05:00,-0.00909019267646205,False,83.35587310791016
2021-12-31 00:00:00-05:00,ORCL,2022-01-03 00:00:00-05:00,0.00791202538631608,True,82.59815216064453
2022-01-03 00:00:00-05:00,ORCL,2022-01-04 00:00:00-05:00,0.010694042859199504,True,83.25167083740234
2022-01-19 00:00:00-05:00,ORCL,2022-01-20 00:00:00-05:00,-0.007915738708914266,False,79.26408386230469
2022-01-20 00:00:00-05:00,ORCL,2022-01-21 00:00:00-05:00,-0.006044301853981082,False,78.63665008544922
2022-01-21 00:00:00-05:00,ORCL,2022-01-24 00:00:00-05:00,0.0024322668633460776,True,78.16134643554688
2022-01-24 00:00:00-05:00,ORCL,2022-01-25 00:00:00-05:00,-0.01637947504119408,False,78.35145568847656
2022-02-24 00:00:00-05:00,ORCL,2022-02-25 00:00:00-05:00,0.02058550472018239,True,71.11711120605469
2022-04-12 00:00:00-04:00,ORCL,2022-04-13 00:00:00-04:00,0.005294088185894719,True,75.70902252197266
2022-04-13 00:00:00-04:00,ORCL,2022-04-14 00:00:00-04:00,-0.0037617779224825565,False,76.10983276367188
2022-06-14 00:00:00-04:00,ORCL,2022-06-15 00:00:00-04:00,-0.014423185616785794,False,67.49200439453125
2022-06-23 00:00:00-04:00,ORCL,2022-06-24 00:00:00-04:00,0.045394061433003285,True,64.54303741455078
2022-09-27 00:00:00-04:00,ORCL,2022-09-28 00:00:00-04:00,0.010413244025590851,True,59.83728790283203
2022-09-28 00:00:00-04:00,ORCL,2022-09-29 00:00:00-04:00,-0.026478535872309528,False,60.46038818359375
2020-01-28 00:00:00-05:00,QCOM,2020-01-29 00:00:00-05:00,-0.01031988889206037,False,78.04910278320312
2020-02-27 00:00:00-05:00,QCOM,2020-02-28 00:00:00-05:00,0.03107700633633037,True,66.4840087890625
2020-02-28 00:00:00-05:00,QCOM,2020-03-02 00:00:00-05:00,0.028863540724471726,True,68.55013275146484
2021-09-10 00:00:00-04:00,QCOM,2021-09-13 00:00:00-04:00,0.005116284748252209,True,129.98178100585938
2021-10-01 00:00:00-04:00,QCOM,2021-10-04 00:00:00-04:00,-0.015771826927956867,False,117.25509643554688
2021-10-04 00:00:00-04:00,QCOM,2021-10-05 00:00:00-04:00,0.00670982942809184,True,115.40576934814453
2021-10-05 00:00:00-04:00,QCOM,2021-10-06 00:00:00-04:00,0.004155842006687616,True,116.18012237548828
2021-11-29 00:00:00-05:00,QCOM,2021-11-30 00:00:00-05:00,-0.017307069975961542,False,167.38754272460938
2022-04-12 00:00:00-04:00,QCOM,2022-04-13 00:00:00-04:00,0.03240490372206617,True,124.96611022949219
2022-09-02 00:00:00-04:00,QCOM,2022-09-06 00:00:00-04:00,-0.014087788446739191,False,119.26469421386719
2022-09-06 00:00:00-04:00,QCOM,2022-09-07 00:00:00-04:00,0.015236401571291136,True,117.58451843261719
2022-09-07 00:00:00-04:00,QCOM,2022-09-08 00:00:00-04:00,0.0019441597938296695,True,119.37608337402344
2022-09-27 00:00:00-04:00,QCOM,2022-09-28 00:00:00-04:00,-0.011716815798427871,False,111.70854187011719
2022-12-21 00:00:00-05:00,QCOM,2022-12-22 00:00:00-05:00,-0.03412165075564011,False,107.04917907714844
2020-02-27 00:00:00-05:00,GS,2020-02-28 00:00:00-05:00,-0.017951442447948107,False,178.35708618164062
2020-02-28 00:00:00-05:00,GS,2020-03-02 00:00:00-05:00,0.04333303510704223,True,175.1553192138672
2020-03-02 00:00:00-05:00,GS,2020-03-03 00:00:00-05:00,-0.028834546079714474,False,182.74533081054688
2021-06-21 00:00:00-04:00,GS,2021-06-22 00:00:00-04:00,-2.805387680249183e-05,False,319.8191833496094
2021-07-09 00:00:00-04:00,GS,2021-07-12 00:00:00-04:00,0.02350973057100103,True,332.5389709472656
2021-07-20 00:00:00-04:00,GS,2021-07-21 00:00:00-04:00,0.023960899633913346,True,326.2774658203125
2021-08-20 00:00:00-04:00,GS,2021-08-23 00:00:00-04:00,0.014095617264123339,True,354.1053161621094
2021-09-13 00:00:00-04:00,GS,2021-09-14 00:00:00-04:00,-0.013609907876880878,False,367.86151123046875
2021-09-21 00:00:00-04:00,GS,2021-09-22 00:00:00-04:00,0.025622520608859167,True,337.82208251953125
2021-09-22 00:00:00-04:00,GS,2021-09-23 00:00:00-04:00,0.01657742899499004,True,346.4779357910156
2021-11-22 00:00:00-05:00,GS,2021-11-23 00:00:00-05:00,0.025696576358042567,True,356.0866394042969
2021-12-02 00:00:00-05:00,GS,2021-12-03 00:00:00-05:00,-0.012411678807689563,False,350.1768798828125
2022-02-24 00:00:00-05:00,GS,2022-02-25 00:00:00-05:00,0.029189330004440794,True,307.3919372558594
2022-02-25 00:00:00-05:00,GS,2022-02-28 00:00:00-05:00,-0.025219859256121024,False,316.364501953125
2022-05-12 00:00:00-04:00,GS,2022-05-13 00:00:00-04:00,0.02531638046306628,True,272.1383056640625
2022-05-13 00:00:00-04:00,GS,2022-05-16 00:00:00-04:00,-0.011564022821369146,False,279.0278625488281
2022-06-15 00:00:00-04:00,GS,2022-06-16 00:00:00-04:00,-0.017547652137098302,False,265.263671875
2022-07-15 00:00:00-04:00,GS,2022-07-18 00:00:00-04:00,0.02514697315362313,True,268.73870849609375
2022-09-27 00:00:00-04:00,GS,2022-09-28 00:00:00-04:00,0.03229466650980095,True,268.4733581542969
2022-09-28 00:00:00-04:00,GS,2022-09-29 00:00:00-04:00,-0.015558982813522304,False,277.14361572265625
2022-10-12 00:00:00-04:00,GS,2022-10-13 00:00:00-04:00,0.039822503145753085,True,272.0943908691406
2022-12-08 00:00:00-05:00,GS,2022-12-09 00:00:00-05:00,0.002960382700337716,True,332.0934753417969
2022-12-09 00:00:00-05:00,GS,2022-12-12 00:00:00-05:00,0.01124905101164031,True,333.07659912109375
2022-12-21 00:00:00-05:00,GS,2022-12-22 00:00:00-05:00,-0.01308001088583477,False,324.748291015625
2020-08-24 00:00:00-04:00,AMAT,2020-08-25 00:00:00-04:00,0.0048634779395657635,True,60.859737396240234
2020-09-11 00:00:00-04:00,AMAT,2020-09-14 00:00:00-04:00,0.02654556509124939,True,52.51466751098633
2020-09-14 00:00:00-04:00,AMAT,2020-09-15 00:00:00-04:00,0.013106571669850187,True,53.90869903564453
2020-10-28 00:00:00-04:00,AMAT,2020-10-29 00:00:00-04:00,0.03803200646820604,True,54.72984313964844
2020-10-29 00:00:00-04:00,AMAT,2020-10-30 00:00:00-04:00,-0.0045378459007131555,False,56.81132888793945
2022-07-06 00:00:00-04:00,AMAT,2022-07-07 00:00:00-04:00,0.048405652290236745,True,83.83804321289062
2022-09-02 00:00:00-04:00,AMAT,2022-09-06 00:00:00-04:00,-0.010412078427765925,False,88.59688568115234
2022-09-06 00:00:00-04:00,AMAT,2022-09-07 00:00:00-04:00,0.01827447035502261,True,87.67440795898438
2022-09-07 00:00:00-04:00,AMAT,2022-09-08 00:00:00-04:00,0.02012166816616845,True,89.276611328125
2022-09-27 00:00:00-04:00,AMAT,2022-09-28 00:00:00-04:00,0.021984764042467964,True,81.71226501464844
2022-10-12 00:00:00-04:00,AMAT,2022-10-13 00:00:00-04:00,0.04486254277238988,True,73.8080825805664
2022-10-13 00:00:00-04:00,AMAT,2022-10-14 00:00:00-04:00,-0.05792001548053005,False,77.11930084228516
2020-02-27 00:00:00-05:00,DIS,2020-02-28 00:00:00-05:00,-0.003303900277399019,False,115.32418060302734
2020-02-28 00:00:00-05:00,DIS,2020-03-02 00:00:00-05:00,0.019804551093434597,True,114.94316101074219
2020-03-02 00:00:00-05:00,DIS,2020-03-03 00:00:00-05:00,-0.029421703776089325,False,117.21955871582031
2020-05-07 00:00:00-04:00,DIS,2020-05-08 00:00:00-04:00,0.03400585062004624,True,103.1410903930664
2020-07-30 00:00:00-04:00,DIS,2020-07-31 00:00:00-04:00,0.011066979488281614,True,112.99893951416016
2020-08-20 00:00:00-04:00,DIS,2020-08-21 00:00:00-04:00,-0.005307444367740777,False,125.17225646972656
2020-09-16 00:00:00-04:00,DIS,2020-09-17 00:00:00-04:00,-0.014156933961778972,False,129.05091857910156
2021-08-04 00:00:00-04:00,DIS,2021-08-05 00:00:00-04:00,0.023930896545270697,True,168.60935974121094
2021-08-05 00:00:00-04:00,DIS,2021-08-06 00:00:00-04:00,0.0023767901825095805,True,172.6443328857422
2021-11-16 00:00:00-05:00,DIS,2021-11-17 00:00:00-05:00,-0.009444034835608961,False,155.17568969726562
2022-06-10 00:00:00-04:00,DIS,2022-06-13 00:00:00-04:00,-0.037122739437694174,False,97.11305236816406
2022-06-13 00:00:00-04:00,DIS,2022-06-14 00:00:00-04:00,-0.01556794503778225,False,93.50794982910156
2022-06-14 00:00:00-04:00,DIS,2022-06-15 00:00:00-04:00,0.017618295650173144,True,92.0522232055664
2022-06-15 00:00:00-04:00,DIS,2022-06-16 00:00:00-04:00,-0.016687432735610463,False,93.67402648925781
2022-07-15 00:00:00-04:00,DIS,2022-07-18 00:00:00-04:00,0.0052520867094678625,True,93.00967407226562
2022-08-24 00:00:00-04:00,DIS,2022-08-25 00:00:00-04:00,0.009019765157938897,True,113.731689453125
2022-09-27 00:00:00-04:00,DIS,2022-09-28 00:00:00-04:00,0.03703711549126498,True,93.64472198486328
2022-09-28 00:00:00-04:00,DIS,2022-09-29 00:00:00-04:00,-0.0196178713440589,False,97.11305236816406
2022-10-12 00:00:00-04:00,DIS,2022-10-13 00:00:00-04:00,0.0345785669231371,True,91.26087188720703
2020-02-21 00:00:00-05:00,MCD,2020-02-24 00:00:00-05:00,-0.010886038736126036,False,187.89016723632812
2020-03-02 00:00:00-05:00,MCD,2020-03-03 00:00:00-05:00,-0.015008757466726363,False,177.39988708496094
2020-05-07 00:00:00-04:00,MCD,2020-05-08 00:00:00-04:00,0.0006072511539985115,True,158.63079833984375
2022-03-10 00:00:00-05:00,MCD,2022-03-11 00:00:00-05:00,0.021936979656554945,True,203.7078399658203
2022-03-11 00:00:00-05:00,MCD,2022-03-14 00:00:00-04:00,-0.003041326505930475,False,208.17657470703125
2022-09-27 00:00:00-04:00,MCD,2022-09-28 00:00:00-04:00,0.0010139364847172594,True,219.59585571289062
2022-09-28 00:00:00-04:00,MCD,2022-09-29 00:00:00-04:00,-0.01072023610119821,False,219.81851196289062
2020-02-27 00:00:00-05:00,INTU,2020-02-28 00:00:00-05:00,-0.01086429638755404,False,259.00750732421875
2020-02-28 00:00:00-05:00,INTU,2020-03-02 00:00:00-05:00,0.057664184103040084,True,256.1935729980469
2020-03-02 00:00:00-05:00,INTU,2020-03-03 00:00:00-05:00,-0.0460204082896809,False,270.9667663574219
2020-10-20 00:00:00-04:00,INTU,2020-10-21 00:00:00-04:00,-0.00514199995010689,False,324.1795349121094
2020-10-21 00:00:00-04:00,INTU,2020-10-22 00:00:00-04:00,-0.0029143384714725995,False,322.5126037597656
2020-10-22 00:00:00-04:00,INTU,2020-10-23 00:00:00-04:00,0.007835408217707451,True,321.57269287109375
2020-10-23 00:00:00-04:00,INTU,2020-10-26 00:00:00-04:00,-0.018928313354095727,False,324.09234619140625
2021-02-24 00:00:00-05:00,INTU,2021-02-25 00:00:00-05:00,-0.06099027879783259,False,401.0618896484375
2022-01-04 00:00:00-05:00,INTU,2022-01-05 00:00:00-05:00,-0.03981771163615422,False,602.515380859375
2022-01-05 00:00:00-05:00,INTU,2022-01-06 00:00:00-05:00,-0.012312435650738474,False,578.5245971679688
2022-01-06 00:00:00-05:00,INTU,2022-01-07 00:00:00-05:00,-0.030987915520480303,False,571.4015502929688
2022-01-07 00:00:00-05:00,INTU,2022-01-10 00:00:00-05:00,0.004633841427757135,True,553.6950073242188
2022-01-10 00:00:00-05:00,INTU,2022-01-11 00:00:00-05:00,0.01495988051494801,True,556.2607421875
2022-07-15 00:00:00-04:00,INTU,2022-07-18 00:00:00-04:00,-0.011985950888426578,False,384.5240783691406
2022-08-23 00:00:00-04:00,INTU,2022-08-24 00:00:00-04:00,0.036057523379044554,True,439.9090270996094
2022-09-02 00:00:00-04:00,INTU,2022-09-06 00:00:00-04:00,-0.003094727788982121,False,411.0423583984375
2022-09-06 00:00:00-04:00,INTU,2022-09-07 00:00:00-04:00,0.039473751825843895,True,409.7702941894531
2022-09-07 00:00:00-04:00,INTU,2022-09-08 00:00:00-04:00,0.008614725069122864,True,425.9454650878906
2022-11-07 00:00:00-05:00,INTU,2022-11-08 00:00:00-05:00,0.033665648009413074,True,362.8489685058594
2020-10-20 00:00:00-04:00,XLK,2020-10-21 00:00:00-04:00,-0.0015086167971377629,False,57.23752212524414
2021-02-23 00:00:00-05:00,XLK,2021-02-24 00:00:00-05:00,0.015300259513610692,True,63.79985427856445
2021-02-24 00:00:00-05:00,XLK,2021-02-25 00:00:00-05:00,-0.03496410795304439,False,64.77600860595703
2021-05-04 00:00:00-04:00,XLK,2021-05-05 00:00:00-04:00,-0.002412255144934927,False,65.9246597290039
2021-05-05 00:00:00-04:00,XLK,2021-05-06 00:00:00-04:00,0.010038360642006916,True,65.76563262939453
2021-05-06 00:00:00-04:00,XLK,2021-05-07 00:00:00-04:00,0.008560093281344994,True,66.42581176757812
2022-02-24 00:00:00-05:00,XLK,2022-02-25 00:00:00-05:00,0.013593189146005491,True,73.78234100341797
2022-09-02 00:00:00-04:00,XLK,2022-09-06 00:00:00-04:00,-0.006623935708623296,False,64.65467834472656
2022-09-06 00:00:00-04:00,XLK,2022-09-07 00:00:00-04:00,0.01598841284043151,True,64.22640991210938
2022-09-07 00:00:00-04:00,XLK,2022-09-08 00:00:00-04:00,0.003430657676789295,True,65.25328826904297
2022-09-27 00:00:00-04:00,XLK,2022-09-28 00:00:00-04:00,0.010565551890579838,True,60.02824783325195
2022-10-13 00:00:00-04:00,XLK,2022-10-14 00:00:00-04:00,-0.02812442827932471,False,58.63291931152344
2020-02-27 00:00:00-05:00,TMO,2020-02-28 00:00:00-05:00,-0.02113954583389277,False,292.5000915527344
2020-02-28 00:00:00-05:00,TMO,2020-03-02 00:00:00-05:00,0.04869341681777106,True,286.3167724609375
2020-03-02 00:00:00-05:00,TMO,2020-03-03 00:00:00-05:00,0.017707316215447966,True,300.2585144042969
2020-11-23 00:00:00-05:00,TMO,2020-11-24 00:00:00-05:00,-0.014505711357255202,False,440.00592041015625
2020-11-24 00:00:00-05:00,TMO,2020-11-25 00:00:00-05:00,0.020224620097348378,True,433.6233215332031
2020-11-25 00:00:00-05:00,TMO,2020-11-27 00:00:00-05:00,0.011038165495566465,True,442.3931884765625
2021-02-23 00:00:00-05:00,TMO,2021-02-24 00:00:00-05:00,-0.0046859593142194456,False,452.8246154785156
2021-02-24 00:00:00-05:00,TMO,2021-02-25 00:00:00-05:00,-0.011365241424625472,False,450.70269775390625
2021-02-25 00:00:00-05:00,TMO,2021-02-26 00:00:00-05:00,-0.003078877240574207,False,445.5803527832031
2021-02-26 00:00:00-05:00,TMO,2021-03-01 00:00:00-05:00,0.02106311680212114,True,444.2084655761719
2021-03-01 00:00:00-05:00,TMO,2021-03-02 00:00:00-05:00,0.005548492997167198,True,453.56488037109375
2021-07-15 00:00:00-04:00,TMO,2021-07-16 00:00:00-04:00,0.010321496640425698,True,508.3455810546875
2022-01-27 00:00:00-05:00,TMO,2022-01-28 00:00:00-05:00,0.03303034535012661,True,547.6124877929688
2022-01-28 00:00:00-05:00,TMO,2022-01-31 00:00:00-05:00,0.016205326595625458,True,565.7003173828125
2022-02-17 00:00:00-05:00,TMO,2022-02-18 00:00:00-05:00,-0.0062898711699928,False,534.55859375
2022-02-18 00:00:00-05:00,TMO,2022-02-22 00:00:00-05:00,-0.013497343481418178,False,531.1962890625
2022-02-22 00:00:00-05:00,TMO,2022-02-23 00:00:00-05:00,-0.002472264479420394,False,524.0265502929688
2022-02-23 00:00:00-05:00,TMO,2022-02-24 00:00:00-05:00,0.02192674931475258,True,522.7310180664062
2022-02-24 00:00:00-05:00,TMO,2022-02-25 00:00:00-05:00,0.01788335866977664,True,534.1928100585938
2022-06-15 00:00:00-04:00,TMO,2022-06-16 00:00:00-04:00,-0.01917397444104796,False,509.6477355957031
2022-08-23 00:00:00-04:00,TMO,2022-08-24 00:00:00-04:00,0.00031427833957309304,True,567.2796020507812
2022-08-24 00:00:00-04:00,TMO,2022-08-25 00:00:00-04:00,0.021495111984967563,True,567.4578857421875
2022-09-20 00:00:00-04:00,TMO,2022-09-21 00:00:00-04:00,-0.012157884030086108,False,527.1574096679688
2022-09-21 00:00:00-04:00,TMO,2022-09-22 00:00:00-04:00,-0.010272458549872576,False,520.748291015625
2022-09-22 00:00:00-04:00,TMO,2022-09-23 00:00:00-04:00,0.0009611221586738328,True,515.39892578125
2022-09-23 00:00:00-04:00,TMO,2022-09-26 00:00:00-04:00,-0.012442483873242316,False,515.894287109375
2022-10-13 00:00:00-04:00,TMO,2022-10-14 00:00:00-04:00,-0.01467079327858678,False,505.74066162109375
2022-12-21 00:00:00-05:00,TMO,2022-12-22 00:00:00-05:00,-0.001389299043881631,False,535.0958862304688
2020-02-28 00:00:00-05:00,PANW,2020-03-02 00:00:00-05:00,0.02529514933417598,True,30.770000457763672
2020-03-02 00:00:00-05:00,PANW,2020-03-03 00:00:00-05:00,-0.03830098065271892,False,31.54833221435547
2020-10-22 00:00:00-04:00,PANW,2020-10-23 00:00:00-04:00,-0.004461269357903586,False,39.599998474121094
2021-01-05 00:00:00-05:00,PANW,2021-01-06 00:00:00-05:00,-0.013908354575907778,False,58.358333587646484
2021-01-06 00:00:00-05:00,PANW,2021-01-07 00:00:00-05:00,0.05163927802786694,True,57.54666519165039
2021-01-07 00:00:00-05:00,PANW,2021-01-08 00:00:00-05:00,0.009473719907532097,True,60.518333435058594
2021-01-28 00:00:00-05:00,PANW,2021-01-29 00:00:00-05:00,-0.006711607327122615,False,58.85333251953125
2021-03-01 00:00:00-05:00,PANW,2021-03-02 00:00:00-05:00,-0.03464981558748914,False,61.231666564941406
2021-03-09 00:00:00-05:00,PANW,2021-03-10 00:00:00-05:00,-0.02257462589296466,False,57.06999969482422
2021-05-06 00:00:00-04:00,PANW,2021-05-07 00:00:00-04:00,0.014521081526331914,True,56.2400016784668
2021-05-07 00:00:00-04:00,PANW,2021-05-10 00:00:00-04:00,-0.0029210948700290063,False,57.05666732788086
2021-06-04 00:00:00-04:00,PANW,2021-06-07 00:00:00-04:00,-0.002742418749671738,False,59.55833435058594
2021-10-26 00:00:00-04:00,PANW,2021-10-27 00:00:00-04:00,0.01296885729938535,True,81.09166717529297
2021-10-27 00:00:00-04:00,PANW,2021-10-28 00:00:00-04:00,0.01122025327930376,True,82.1433334350586
2022-01-04 00:00:00-05:00,PANW,2022-01-05 00:00:00-05:00,-0.0365267444486328,False,87.33333587646484
2022-01-05 00:00:00-05:00,PANW,2022-01-06 00:00:00-05:00,0.055559993417255704,True,84.1433334350586
2022-01-06 00:00:00-05:00,PANW,2022-01-07 00:00:00-05:00,-0.013923605154859797,False,88.8183364868164
2022-05-10 00:00:00-04:00,PANW,2022-05-11 00:00:00-04:00,-0.03588542289754648,False,80.67333221435547
2022-10-13 00:00:00-04:00,PANW,2022-10-14 00:00:00-04:00,-0.019380566029658097,False,78.94499969482422
2022-12-09 00:00:00-05:00,PANW,2022-12-12 00:00:00-05:00,0.01812463809588749,True,79.44999694824219
2022-12-12 00:00:00-05:00,PANW,2022-12-13 00:00:00-05:00,-0.006366663290077179,False,80.88999938964844
2022-12-20 00:00:00-05:00,PANW,2022-12-21 00:00:00-05:00,-0.012459811264478149,False,74.63999938964844
2022-12-21 00:00:00-05:00,PANW,2022-12-22 00:00:00-05:00,-0.028964891639514545,False,73.70999908447266
2022-12-22 00:00:00-05:00,PANW,2022-12-23 00:00:00-05:00,-0.01313300526846628,False,71.57499694824219
2022-12-23 00:00:00-05:00,PANW,2022-12-27 00:00:00-05:00,-0.014581988364782195,False,70.63500213623047
2022-12-27 00:00:00-05:00,PANW,2022-12-28 00:00:00-05:00,-0.013504811379520087,False,69.6050033569336
2022-12-28 00:00:00-05:00,PANW,2022-12-29 00:00:00-05:00,0.020898529665194454,True,68.66500091552734
2022-12-29 00:00:00-05:00,PANW,2022-12-30 00:00:00-05:00,-0.004707586850754564,False,70.0999984741211
2020-03-02 00:00:00-05:00,VST,2020-03-03 00:00:00-05:00,0.005461732708275324,True,17.574867248535156
2020-05-07 00:00:00-04:00,VST,2020-05-08 00:00:00-04:00,0.05292426723952448,True,15.80151653289795
2020-05-08 00:00:00-04:00,VST,2020-05-11 00:00:00-04:00,-0.030687610992503833,False,16.637800216674805
2021-05-07 00:00:00-04:00,VST,2021-05-10 00:00:00-04:00,-0.0024921089769599503,False,14.551316261291504
2021-05-10 00:00:00-04:00,VST,2021-05-11 00:00:00-04:00,0.019987534933984863,True,14.515052795410156
2021-05-11 00:00:00-04:00,VST,2021-05-12 00:00:00-04:00,-0.02020819037242716,False,14.80517292022705
2021-08-05 00:00:00-04:00,VST,2021-08-06 00:00:00-04:00,0.015872566281121214,True,16.700241088867188
2021-08-06 00:00:00-04:00,VST,2021-08-09 00:00:00-04:00,0.01778056445222731,True,16.965316772460938
2022-02-24 00:00:00-05:00,VST,2022-02-25 00:00:00-05:00,0.010147367559276255,True,20.12915802001953
2022-04-28 00:00:00-04:00,VST,2022-04-29 00:00:00-04:00,-0.004377114975486762,False,23.510711669921875
2022-06-15 00:00:00-04:00,VST,2022-06-16 00:00:00-04:00,-0.04170206947910016,False,21.98574447631836
2022-09-27 00:00:00-04:00,VST,2022-09-28 00:00:00-04:00,0.012715560086889788,True,20.915260314941406
2022-09-28 00:00:00-04:00,VST,2022-09-29 00:00:00-04:00,-0.04125572014327894,False,21.181209564208984
2020-08-25 00:00:00-04:00,LRCX,2020-08-26 00:00:00-04:00,-0.001985915128440374,False,33.1639289855957
2020-09-11 00:00:00-04:00,LRCX,2020-09-14 00:00:00-04:00,0.0388789285320974,True,27.659181594848633
2020-09-14 00:00:00-04:00,LRCX,2020-09-15 00:00:00-04:00,0.01149246523853864,True,28.734540939331055
2020-10-29 00:00:00-04:00,LRCX,2020-10-30 00:00:00-04:00,-0.03164797788674134,False,33.364280700683594
2021-07-08 00:00:00-04:00,LRCX,2021-07-09 00:00:00-04:00,0.011253589423672272,True,57.63880920410156
2021-07-09 00:00:00-04:00,LRCX,2021-07-12 00:00:00-04:00,0.02051073495785838,True,58.287452697753906
2021-08-16 00:00:00-04:00,LRCX,2021-08-17 00:00:00-04:00,-0.01677788008866199,False,56.00674057006836
2022-02-24 00:00:00-05:00,LRCX,2022-02-25 00:00:00-05:00,0.01833433906615234,True,53.78407287597656
2022-07-05 00:00:00-04:00,LRCX,2022-07-06 00:00:00-04:00,0.007510903220211862,True,37.392234802246094
2022-07-06 00:00:00-04:00,LRCX,2022-07-07 00:00:00-04:00,0.05920488451891304,True,37.6730842590332
2022-09-02 00:00:00-04:00,LRCX,2022-09-06 00:00:00-04:00,-0.008019370542194815,False,41.377967834472656
2022-09-06 00:00:00-04:00,LRCX,2022-09-07 00:00:00-04:00,0.012278531598512998,True,41.046142578125
2022-09-07 00:00:00-04:00,LRCX,2022-09-08 00:00:00-04:00,0.01657418847043224,True,41.55012893676758
2022-09-27 00:00:00-04:00,LRCX,2022-09-28 00:00:00-04:00,0.013140357493909516,True,36.37159729003906
2022-10-12 00:00:00-04:00,LRCX,2022-10-13 00:00:00-04:00,0.051330777381595416,True,31.281307220458984
2022-10-13 00:00:00-04:00,LRCX,2022-10-14 00:00:00-04:00,-0.07533577384867185,False,32.887001037597656
2022-12-21 00:00:00-05:00,LRCX,2022-12-22 00:00:00-05:00,-0.08654315842464944,False,43.40454864501953
2020-02-27 00:00:00-05:00,DELL,2020-02-28 00:00:00-05:00,-0.07116633032653363,False,20.23941421508789
2020-02-28 00:00:00-05:00,DELL,2020-03-02 00:00:00-05:00,0.047701650427003806,True,18.799049377441406
2020-03-02 00:00:00-05:00,DELL,2020-03-03 00:00:00-05:00,-0.014390192624267328,False,19.6957950592041
2020-10-29 00:00:00-04:00,DELL,2020-10-30 00:00:00-04:00,-0.004296209021849018,False,28.119592666625977
2020-10-30 00:00:00-04:00,DELL,2020-11-02 00:00:00-05:00,0.0004979758406100654,True,27.9987850189209
2020-11-02 00:00:00-05:00,DELL,2020-11-03 00:00:00-05:00,0.024216202686818677,True,28.012727737426758
2021-08-20 00:00:00-04:00,DELL,2021-08-23 00:00:00-04:00,0.01644651022915178,True,45.76636505126953
2021-12-15 00:00:00-05:00,DELL,2021-12-16 00:00:00-05:00,-0.018736650371441343,False,51.373043060302734
2022-01-25 00:00:00-05:00,DELL,2022-01-26 00:00:00-05:00,-0.0018037300606239537,False,50.8230094909668
2022-02-25 00:00:00-05:00,DELL,2022-02-28 00:00:00-05:00,-0.009716247973760028,False,47.174461364746094
2022-02-28 00:00:00-05:00,DELL,2022-03-01 00:00:00-05:00,-0.021193178765323117,False,46.716102600097656
2022-03-01 00:00:00-05:00,DELL,2022-03-02 00:00:00-05:00,0.07457907681336651,True,45.72603988647461
2022-03-02 00:00:00-05:00,DELL,2022-03-03 00:00:00-05:00,-0.01884320287634933,False,49.13624572753906
2022-07-05 00:00:00-04:00,DELL,2022-07-06 00:00:00-04:00,-0.021789285879177944,False,39.824363708496094
2022-09-02 00:00:00-04:00,DELL,2022-09-06 00:00:00-04:00,-0.013231215982147493,False,35.1559944152832
2022-09-26 00:00:00-04:00,DELL,2022-09-27 00:00:00-04:00,0.0005765527040546559,True,32.28136444091797
2022-09-27 00:00:00-04:00,DELL,2022-09-28 00:00:00-04:00,0.016417028206931583,True,32.29997634887695
2022-10-13 00:00:00-04:00,DELL,2022-10-14 00:00:00-04:00,-0.0208631364327736,False,32.551151275634766
2022-12-20 00:00:00-05:00,DELL,2022-12-21 00:00:00-05:00,0.004364463685426534,True,36.58538818359375
2022-12-21 00:00:00-05:00,DELL,2022-12-22 00:00:00-05:00,0.0005111861948998708,True,36.74506378173828
2020-08-14 00:00:00-04:00,AGG,2020-08-17 00:00:00-04:00,0.0013537424273168952,True,101.10025787353516
2020-08-17 00:00:00-04:00,AGG,2020-08-18 00:00:00-04:00,0.001436468035515226,True,101.23712158203125
2020-10-22 00:00:00-04:00,AGG,2020-10-23 00:00:00-04:00,0.0014490565671667621,True,100.66827392578125
2020-10-23 00:00:00-04:00,AGG,2020-10-26 00:00:00-04:00,0.0013623520423020619,True,100.81414794921875
2021-01-11 00:00:00-05:00,AGG,2021-01-12 00:00:00-05:00,0.0008555187851830848,True,100.76287078857422
2021-01-12 00:00:00-05:00,AGG,2021-01-13 00:00:00-05:00,0.0031626153970687465,True,100.84907531738281
2021-08-11 00:00:00-04:00,AGG,2021-08-12 00:00:00-04:00,8.68627713741521e-05,True,100.65631103515625
2021-10-22 00:00:00-04:00,AGG,2021-10-25 00:00:00-04:00,0.0009645218252918308,True,99.66635131835938
2021-11-17 00:00:00-05:00,AGG,2021-11-18 00:00:00-05:00,0.0008761044683160968,True,99.88438415527344
2022-01-07 00:00:00-05:00,AGG,2022-01-10 00:00:00-05:00,-0.0008890334706412872,False,98.68923950195312
2022-01-10 00:00:00-05:00,AGG,2022-01-11 00:00:00-05:00,0.0018687863164481566,True,98.60150146484375
2022-01-11 00:00:00-05:00,AGG,2022-01-12 00:00:00-05:00,0.0,True,98.7857666015625
2022-03-14 00:00:00-04:00,AGG,2022-03-15 00:00:00-04:00,0.002235780779118235,True,94.4622573852539
2022-03-15 00:00:00-04:00,AGG,2022-03-16 00:00:00-04:00,0.0007430873575302588,True,94.67345428466797
2022-04-12 00:00:00-04:00,AGG,2022-04-13 00:00:00-04:00,0.0020074883328966564,True,92.18034362792969
2022-06-15 00:00:00-04:00,AGG,2022-06-16 00:00:00-04:00,0.002396895282486433,True,88.52967071533203
2020-02-26 00:00:00-05:00,WDAY,2020-02-27 00:00:00-05:00,-0.023722648538037294,False,175.36000061035156
2020-02-27 00:00:00-05:00,WDAY,2020-02-28 00:00:00-05:00,0.011974317104559207,True,171.1999969482422
2020-02-28 00:00:00-05:00,WDAY,2020-03-02 00:00:00-05:00,-0.0020779256008748304,False,173.25
2021-05-05 00:00:00-04:00,WDAY,2021-05-06 00:00:00-04:00,-0.004280790689047409,False,235.94000244140625
2021-05-06 00:00:00-04:00,WDAY,2021-05-07 00:00:00-04:00,0.007576784972459727,True,234.92999267578125
2021-05-07 00:00:00-04:00,WDAY,2021-05-10 00:00:00-04:00,-0.018672693601319734,False,236.7100067138672
2021-07-19 00:00:00-04:00,WDAY,2021-07-20 00:00:00-04:00,0.020694265137643608,True,226.14999389648438
2021-07-20 00:00:00-04:00,WDAY,2021-07-21 00:00:00-04:00,0.028289211660086577,True,230.8300018310547
2021-09-30 00:00:00-04:00,WDAY,2021-10-01 00:00:00-04:00,0.01864821991072607,True,249.88999938964844
2022-08-23 00:00:00-04:00,WDAY,2022-08-24 00:00:00-04:00,0.017252322450356683,True,157.66000366210938
2022-08-24 00:00:00-04:00,WDAY,2022-08-25 00:00:00-04:00,0.012345651996867213,True,160.3800048828125
2022-11-07 00:00:00-05:00,WDAY,2022-11-08 00:00:00-05:00,0.02680917293275109,True,136.52000427246094
2022-12-29 00:00:00-05:00,WDAY,2022-12-30 00:00:00-05:00,-0.0027414713241790123,False,167.7899932861328
2020-01-07 00:00:00-05:00,ACN,2020-01-08 00:00:00-05:00,0.001961327550767278,True,186.81698608398438
2020-01-08 00:00:00-05:00,ACN,2020-01-09 00:00:00-05:00,0.008907293084652768,True,187.1833953857422
2020-02-27 00:00:00-05:00,ACN,2020-02-28 00:00:00-05:00,-0.03137737259725537,False,171.45497131347656
2020-02-28 00:00:00-05:00,ACN,2020-03-02 00:00:00-05:00,0.0496150185843276,True,166.07516479492188
2020-03-02 00:00:00-05:00,ACN,2020-03-03 00:00:00-05:00,-0.038670307802750825,False,174.3149871826172
2021-01-19 00:00:00-05:00,ACN,2021-01-20 00:00:00-05:00,0.0227876973369876,True,238.94705200195312
2021-10-01 00:00:00-04:00,ACN,2021-10-04 00:00:00-04:00,-0.01652986601705486,False,305.2077941894531
2022-01-10 00:00:00-05:00,ACN,2022-01-11 00:00:00-05:00,0.0056567735500208105,True,351.47601318359375
2022-01-21 00:00:00-05:00,ACN,2022-01-24 00:00:00-05:00,0.01004084827198981,True,317.08245849609375
2022-01-24 00:00:00-05:00,ACN,2022-01-25 00:00:00-05:00,-0.011947038082101069,False,320.2662353515625
2022-04-18 00:00:00-04:00,ACN,2022-04-19 00:00:00-04:00,0.02222565925571729,True,297.1520690917969
2022-04-19 00:00:00-04:00,ACN,2022-04-20 00:00:00-04:00,0.009670174045450564,True,303.7564697265625
2022-06-15 00:00:00-04:00,ACN,2022-06-16 00:00:00-04:00,-0.036594485548752886,False,266.4419250488281
2022-07-15 00:00:00-04:00,ACN,2022-07-18 00:00:00-04:00,-0.01056999302760464,False,258.1941833496094
2022-09-27 00:00:00-04:00,ACN,2022-09-28 00:00:00-04:00,0.021807006859404066,True,243.7592010498047
2022-09-28 00:00:00-04:00,ACN,2022-09-29 00:00:00-04:00,-0.013973278802110078,False,249.07485961914062
2022-10-13 00:00:00-04:00,ACN,2022-10-14 00:00:00-04:00,-0.0184105982619176,False,245.9129638671875
2020-01-28 00:00:00-05:00,AMGN,2020-01-29 00:00:00-05:00,0.010274077159170059,True,186.92098999023438
2020-08-25 00:00:00-04:00,AMGN,2020-08-26 00:00:00-04:00,0.00789623756041391,True,210.63104248046875
2020-10-28 00:00:00-04:00,AMGN,2020-10-29 00:00:00-04:00,0.00665498125941455,True,183.61270141601562
2020-10-29 00:00:00-04:00,AMGN,2020-10-30 00:00:00-04:00,-0.004039931899776805,False,184.8346405029297
2020-11-23 00:00:00-05:00,AMGN,2020-11-24 00:00:00-05:00,-0.007920214506378809,False,189.84925842285156
2020-11-24 00:00:00-05:00,AMGN,2020-11-25 00:00:00-05:00,-0.0006804436178050599,False,188.34561157226562
2020-11-25 00:00:00-05:00,AMGN,2020-11-27 00:00:00-05:00,0.02042599204751938,True,188.2174530029297
2020-11-27 00:00:00-05:00,AMGN,2020-11-30 00:00:00-05:00,-0.012321468209912867,False,192.06198120117188
2021-05-28 00:00:00-04:00,AMGN,2021-06-01 00:00:00-04:00,-0.018324090763366385,False,206.2307891845703
2021-08-02 00:00:00-04:00,AMGN,2021-08-03 00:00:00-04:00,0.017890738184295873,True,207.83421325683594
2021-08-03 00:00:00-04:00,AMGN,2021-08-04 00:00:00-04:00,-0.06461008578431549,False,211.55252075195312
2021-10-13 00:00:00-04:00,AMGN,2021-10-14 00:00:00-04:00,0.01556900120173399,True,177.83853149414062
2022-01-25 00:00:00-05:00,AMGN,2022-01-26 00:00:00-05:00,-0.01110915399709056,False,198.206298828125
2022-01-26 00:00:00-05:00,AMGN,2022-01-27 00:00:00-05:00,0.006560742943124032,True,196.00439453125
2022-01-27 00:00:00-05:00,AMGN,2022-01-28 00:00:00-05:00,0.02294630646115703,True,197.2903289794922
2022-02-16 00:00:00-05:00,AMGN,2022-02-17 00:00:00-05:00,-0.004401476292826612,False,197.7915802001953
2022-02-17 00:00:00-05:00,AMGN,2022-02-18 00:00:00-05:00,-0.004104788571309026,False,196.92100524902344
2022-02-18 00:00:00-05:00,AMGN,2022-02-22 00:00:00-05:00,0.00289874896138409,True,196.11268615722656
2022-02-22 00:00:00-05:00,AMGN,2022-02-23 00:00:00-05:00,-0.001851633905746608,False,196.68116760253906
2022-05-03 00:00:00-04:00,AMGN,2022-05-04 00:00:00-04:00,0.01683956644506379,True,206.2572021484375
2022-06-15 00:00:00-04:00,AMGN,2022-06-16 00:00:00-04:00,-0.020672466190141847,False,210.94992065429688
2022-06-16 00:00:00-04:00,AMGN,2022-06-17 00:00:00-04:00,0.017381094246031514,True,206.5890655517578
2022-06-17 00:00:00-04:00,AMGN,2022-06-21 00:00:00-04:00,0.01572089385890174,True,210.1798095703125
2022-12-15 00:00:00-05:00,AMGN,2022-12-16 00:00:00-05:00,0.004771940470071012,True,241.80941772460938
2022-12-16 00:00:00-05:00,AMGN,2022-12-19 00:00:00-05:00,-0.006394711899457173,False,242.96331787109375
2020-02-28 00:00:00-05:00,ANET,2020-03-02 00:00:00-05:00,0.017968109509310493,True,12.069999694824219
2020-03-02 00:00:00-05:00,ANET,2020-03-03 00:00:00-05:00,-0.024619748858287993,False,12.286874771118164
2020-06-24 00:00:00-04:00,ANET,2020-06-25 00:00:00-04:00,0.013046574564105518,True,13.078125
2020-06-25 00:00:00-04:00,ANET,2020-06-26 00:00:00-04:00,-0.006368482271608911,False,13.248749732971191
2021-01-27 00:00:00-05:00,ANET,2021-01-28 00:00:00-05:00,0.012038315438486213,True,19.10562515258789
2021-01-28 00:00:00-05:00,ANET,2021-01-29 00:00:00-05:00,-0.005850591806448868,False,19.33562469482422
2021-03-01 00:00:00-05:00,ANET,2021-03-02 00:00:00-05:00,-0.012641573305460452,False,17.99625015258789
2021-07-19 00:00:00-04:00,ANET,2021-07-20 00:00:00-04:00,0.0043355996503608996,True,22.63249969482422
2021-07-20 00:00:00-04:00,ANET,2021-07-21 00:00:00-04:00,0.009568618776890414,True,22.73062515258789
2021-08-12 00:00:00-04:00,ANET,2021-08-13 00:00:00-04:00,-0.007956573715515836,False,22.936874389648438
2021-08-13 00:00:00-04:00,ANET,2021-08-16 00:00:00-04:00,0.003955289950934748,True,22.754375457763672
2021-08-16 00:00:00-04:00,ANET,2021-08-17 00:00:00-04:00,-0.0024076081620221235,False,22.844375610351562
2022-01-10 00:00:00-05:00,ANET,2022-01-11 00:00:00-05:00,0.012467686432680702,True,32.8849983215332
2022-01-20 00:00:00-05:00,ANET,2022-01-21 00:00:00-05:00,-0.027144539295698156,False,30.485000610351562
2022-01-21 00:00:00-05:00,ANET,2022-01-24 00:00:00-05:00,0.024361455420712996,True,29.657499313354492
2022-01-24 00:00:00-05:00,ANET,2022-01-25 00:00:00-05:00,-0.03760697680273484,False,30.3799991607666
2022-06-15 00:00:00-04:00,ANET,2022-06-16 00:00:00-04:00,-0.026381011146539346,False,23.217500686645508
2022-07-05 00:00:00-04:00,ANET,2022-07-06 00:00:00-04:00,0.025792986876568724,True,24.037500381469727
2022-09-02 00:00:00-04:00,ANET,2022-09-06 00:00:00-04:00,0.002131287242078672,True,29.325000762939453
2022-09-22 00:00:00-04:00,ANET,2022-09-23 00:00:00-04:00,-0.022923160916026197,False,28.137500762939453
2022-09-23 00:00:00-04:00,ANET,2022-09-26 00:00:00-04:00,-0.007911273410245667,False,27.49250030517578
2022-09-26 00:00:00-04:00,ANET,2022-09-27 00:00:00-04:00,0.016681940607505386,True,27.274999618530273
2022-09-27 00:00:00-04:00,ANET,2022-09-28 00:00:00-04:00,0.052019512871542606,True,27.729999542236328
2022-12-21 00:00:00-05:00,ANET,2022-12-22 00:00:00-05:00,-0.024000640886452373,False,30.832500457763672
2020-02-26 00:00:00-05:00,LIN,2020-02-27 00:00:00-05:00,-0.04159067614952028,False,186.65902709960938
2021-10-01 00:00:00-04:00,LIN,2021-10-04 00:00:00-04:00,-0.010743816277625884,False,281.1022644042969
2022-06-15 00:00:00-04:00,LIN,2022-06-16 00:00:00-04:00,-0.03423465990392782,False,286.25567626953125
2022-07-05 00:00:00-04:00,LIN,2022-07-06 00:00:00-04:00,0.013524104579507368,True,258.23980712890625
2022-07-06 00:00:00-04:00,LIN,2022-07-07 00:00:00-04:00,-0.0014947921883232684,False,261.7322692871094
2022-09-07 00:00:00-04:00,LIN,2022-09-08 00:00:00-04:00,-0.006717333034706008,False,273.8768005371094
2022-09-27 00:00:00-04:00,LIN,2022-09-28 00:00:00-04:00,0.023567011048426956,True,254.10951232910156
2022-10-12 00:00:00-04:00,LIN,2022-10-13 00:00:00-04:00,0.04002325239674542,True,260.2323303222656
2020-01-10 00:00:00-05:00,NKE,2020-01-13 00:00:00-05:00,0.012487734038963083,True,93.0741195678711
2020-01-13 00:00:00-05:00,NKE,2020-01-14 00:00:00-05:00,0.007439105409644764,True,94.23640441894531
2020-02-28 00:00:00-05:00,NKE,2020-03-02 00:00:00-05:00,0.03692104079542591,True,82.67637634277344
2020-09-22 00:00:00-04:00,NKE,2020-09-23 00:00:00-04:00,0.08761864743469783,True,108.61431884765625
2021-01-20 00:00:00-05:00,NKE,2021-01-21 00:00:00-05:00,-0.008333148784623434,False,132.97962951660156
2021-01-28 00:00:00-05:00,NKE,2021-01-29 00:00:00-05:00,-0.008387724057287937,False,125.45527648925781
2021-02-26 00:00:00-05:00,NKE,2021-03-01 00:00:00-05:00,0.021294195831282225,True,125.7663345336914
2021-03-01 00:00:00-05:00,NKE,2021-03-02 00:00:00-05:00,-0.00457688494314501,False,128.44442749023438
2021-09-08 00:00:00-04:00,NKE,2021-09-09 00:00:00-04:00,0.016364853829656356,True,150.5127716064453
2021-09-09 00:00:00-04:00,NKE,2021-09-10 00:00:00-04:00,0.0015306079700536657,True,152.97589111328125
2021-09-20 00:00:00-04:00,NKE,2021-09-21 00:00:00-04:00,0.004991810410068798,True,144.4626922607422
2021-09-21 00:00:00-04:00,NKE,2021-09-22 00:00:00-04:00,0.015610891995568643,True,145.18382263183594
2021-12-20 00:00:00-05:00,NKE,2021-12-21 00:00:00-05:00,0.06147299983092269,True,147.28369140625
2021-12-21 00:00:00-05:00,NKE,2021-12-22 00:00:00-05:00,-0.0071417939837463695,False,156.33766174316406
2022-01-12 00:00:00-05:00,NKE,2022-01-13 00:00:00-05:00,-0.017213320655461217,False,142.80836486816406
2022-01-21 00:00:00-05:00,NKE,2022-01-24 00:00:00-05:00,0.0213362060874156,True,134.1202850341797
2022-04-27 00:00:00-04:00,NKE,2022-04-28 00:00:00-04:00,0.047921559080461584,True,114.0108413696289
2022-05-12 00:00:00-04:00,NKE,2022-05-13 00:00:00-04:00,0.047358727688631586,True,101.46626281738281
2022-05-13 00:00:00-04:00,NKE,2022-05-16 00:00:00-04:00,-0.0036280546201125086,False,106.27157592773438
2022-09-27 00:00:00-04:00,NKE,2022-09-28 00:00:00-04:00,0.025028501192218444,True,91.03360748291016
2020-02-27 00:00:00-05:00,TMUS,2020-02-28 00:00:00-05:00,-0.011836845940454088,False,88.14749908447266
2020-02-28 00:00:00-05:00,TMUS,2020-03-02 00:00:00-05:00,0.0347159607984997,True,87.10411071777344
2020-03-02 00:00:00-05:00,TMUS,2020-03-03 00:00:00-05:00,-0.042019395325201936,False,90.12801361083984
2021-09-10 00:00:00-04:00,TMUS,2021-09-13 00:00:00-04:00,-0.006039218456212914,False,126.37630462646484
2021-09-13 00:00:00-04:00,TMUS,2021-09-14 00:00:00-04:00,-0.008460335443365885,False,125.61309051513672
2021-09-14 00:00:00-04:00,TMUS,2021-09-15 00:00:00-04:00,-0.014349958177808153,False,124.55036163330078
2021-09-15 00:00:00-04:00,TMUS,2021-09-16 00:00:00-04:00,0.01448026111316647,True,122.76306915283203
2021-09-16 00:00:00-04:00,TMUS,2021-09-17 00:00:00-04:00,-0.007059201901517986,False,124.54071044921875
2021-10-07 00:00:00-04:00,TMUS,2021-10-08 00:00:00-04:00,-0.015911568320238767,False,119.0049057006836
2021-10-08 00:00:00-04:00,TMUS,2021-10-11 00:00:00-04:00,-0.03324523572250948,False,117.1113510131836
2021-10-11 00:00:00-04:00,TMUS,2021-10-12 00:00:00-04:00,-0.00776538399957305,False,113.21795654296875
2021-10-12 00:00:00-04:00,TMUS,2021-10-13 00:00:00-04:00,0.0015481713838489952,True,112.33877563476562
2021-10-13 00:00:00-04:00,TMUS,2021-10-14 00:00:00-04:00,0.024042561386301786,True,112.5126953125
2021-11-15 00:00:00-05:00,TMUS,2021-11-16 00:00:00-05:00,0.005009606288357116,True,113.77828979492188
2021-11-16 00:00:00-05:00,TMUS,2021-11-17 00:00:00-05:00,-0.009884868797453872,False,114.34827423095703
2021-12-02 00:00:00-05:00,TMUS,2021-12-03 00:00:00-05:00,0.021837628998950365,True,106.61943817138672
2021-12-30 00:00:00-05:00,TMUS,2021-12-31 00:00:00-05:00,-0.004548925194164499,False,112.56099700927734
2021-12-31 00:00:00-05:00,TMUS,2022-01-03 00:00:00-05:00,-0.013364398635425379,False,112.04896545410156
2022-01-03 00:00:00-05:00,TMUS,2022-01-04 00:00:00-05:00,-0.003233494403047099,False,110.55149841308594
2022-01-04 00:00:00-05:00,TMUS,2022-01-05 00:00:00-05:00,0.011397631242387574,True,110.19403076171875
2022-01-05 00:00:00-05:00,TMUS,2022-01-06 00:00:00-05:00,0.0018202389763617433,True,111.44998168945312
2022-01-20 00:00:00-05:00,TMUS,2022-01-21 00:00:00-05:00,-0.02344795199717209,False,100.53296661376953
2022-01-21 00:00:00-05:00,TMUS,2022-01-24 00:00:00-05:00,0.049498208046855785,True,98.17567443847656
2022-01-24 00:00:00-05:00,TMUS,2022-01-25 00:00:00-05:00,-0.009189021363819383,False,103.03519439697266
2022-07-13 00:00:00-04:00,TMUS,2022-07-14 00:00:00-04:00,0.005484863245410976,True,130.3469696044922
2022-09-27 00:00:00-04:00,TMUS,2022-09-28 00:00:00-04:00,0.02140502888128415,True,128.18292236328125
2022-12-12 00:00:00-05:00,TMUS,2022-12-13 00:00:00-05:00,-0.012780814226774684,False,137.57345581054688
2020-01-22 00:00:00-05:00,GE,2020-01-23 00:00:00-05:00,0.03518027377084798,True,55.11695861816406
2020-01-23 00:00:00-05:00,GE,2020-01-24 00:00:00-05:00,-0.005097585493236023,False,57.05598831176758
2020-02-21 00:00:00-05:00,GE,2020-02-24 00:00:00-05:00,-0.03183656090753362,False,59.3828239440918
2020-02-24 00:00:00-05:00,GE,2020-02-25 00:00:00-05:00,-0.04553130807412464,False,57.492279052734375
2020-02-25 00:00:00-05:00,GE,2020-02-26 00:00:00-05:00,-0.03268534078663099,False,54.87458038330078
2020-02-26 00:00:00-05:00,GE,2020-02-27 00:00:00-05:00,-0.05114164984173042,False,53.08098602294922
2020-02-27 00:00:00-05:00,GE,2020-02-28 00:00:00-05:00,0.04716064618415805,True,50.366336822509766
2020-02-28 00:00:00-05:00,GE,2020-03-02 00:00:00-05:00,0.0303311045221919,True,52.74164581298828
2020-04-17 00:00:00-04:00,GE,2020-04-20 00:00:00-04:00,-0.04824563167844986,False,33.19035720825195
2020-05-18 00:00:00-04:00,GE,2020-05-19 00:00:00-04:00,-0.009569436182266133,False,30.424501419067383
2020-09-25 00:00:00-04:00,GE,2020-09-28 00:00:00-04:00,0.014730152948227104,True,29.741640090942383
2020-12-23 00:00:00-05:00,GE,2020-12-24 00:00:00-05:00,-0.019336978137017624,False,52.91184616088867
2021-03-25 00:00:00-04:00,GE,2021-03-26 00:00:00-04:00,0.010894785701095255,True,62.65365219116211
2021-06-11 00:00:00-04:00,GE,2021-06-14 00:00:00-04:00,-0.01607013311177563,False,66.7492904663086
2021-07-19 00:00:00-04:00,GE,2021-07-20 00:00:00-04:00,0.058333286100588966,True,58.553775787353516
2021-07-20 00:00:00-04:00,GE,2021-07-21 00:00:00-04:00,0.0299209432321228,True,61.96940994262695
2021-08-20 00:00:00-04:00,GE,2021-08-23 00:00:00-04:00,0.009195492976341368,True,61.02400207519531
2021-11-22 00:00:00-05:00,GE,2021-11-23 00:00:00-05:00,0.010292782669594436,True,61.67576217651367
2021-12-16 00:00:00-05:00,GE,2021-12-17 00:00:00-05:00,-0.011671931576790362,False,56.48118591308594
2022-02-15 00:00:00-05:00,GE,2022-02-16 00:00:00-05:00,0.004855263647157715,True,61.65645980834961
2022-07-05 00:00:00-04:00,GE,2022-07-06 00:00:00-04:00,-0.007415703068920809,False,37.976173400878906
2022-07-06 00:00:00-04:00,GE,2022-07-07 00:00:00-04:00,0.023225653933080848,True,37.69455337524414
2022-07-07 00:00:00-04:00,GE,2022-07-08 00:00:00-04:00,0.003968191565085766,True,38.57003402709961
2022-09-07 00:00:00-04:00,GE,2022-09-08 00:00:00-04:00,0.002582545642939804,True,45.04734420776367
